config,query,repeat,n_contexts,retrieve_s,rerank_s,expand_s,llm_s,total_s,answer
baseline,What is the main conflict in Romeo and Juliet?,0,5,2.123,0.0,0.0,6.068,8.191,"The main conflict in Romeo and Juliet is the longstanding feud between the Montague and Capulet families in Verona. This animosity is evident in scenes like the street brawl where Tybalt confronts Romeo, and is further highlighted by characters like Lady Montague and Lady Capulet expressing their concern over the conflict. The play centers around Romeo and Juliet’s love, which is tragically thwarted by this deep-seated family rivalry, ultimately leading to a devastating outcome. The Prince intervenes to separate the warring factions, demonstrating the destructive nature of their conflict."
baseline,How do Romeo and Juliet die?,0,5,2.105,0.0,0.0,5.75,7.855,"Based on the provided excerpts, both Romeo and Juliet die tragically. Juliet stabs herself with Romeo’s dagger after discovering him dead, driven by despair over his banishment and the realization that he has poisoned himself. Romeo, upon finding Juliet lifeless, also takes his own life by drinking poison, ending his life alongside hers. The deaths are a culmination of the escalating conflict and ultimately, a devastating consequence of the feud between the Montagues and Capulets."
baseline,Who is Mercutio and what happens to him?,0,5,2.116,0.0,0.0,6.21,8.326,"Mercutio is a lively and quick-witted character in Romeo and Juliet, known for his flamboyant language and fighting skills. During a street fight with Tybalt, Mercutio is fatally wounded after being attacked while attempting to intervene in a dispute. He declares “A plague o’ both your houses” before succumbing to his injuries, stating that he is “sped” and that his wounds are “enough.” Benvolio and Romeo attempt to help him, but ultimately, Mercutio dies, further escalating the tragic events of the play."
baseline,What is the role of Friar Lawrence in the play?,0,5,2.099,0.0,0.0,6.233,8.333,"Based on the provided excerpts, Friar Lawrence is a Franciscan friar, a member of the same religious order as Friar John. He plays a significant role in the plot as a confidant and advisor to Romeo and Juliet, offering them marriage and attempting to mediate their families’ feud. He directs Romeo to go to Juliet’s grave, and attempts to orchestrate a plan to reunite the lovers, however, this plan ultimately fails due to miscommunication and unfortunate circumstances. Furthermore, he is involved in providing Romeo with a poison, highlighting his attempts to influence the tragic events unfolding."
baseline,Why do the Montagues and Capulets hate each other?,0,5,2.116,0.0,0.0,6.688,8.804,"According to the text, the Montagues and Capulets hate each other due to a long-standing, unresolved quarrel that has repeatedly disturbed the peace of Verona’s streets. The Prince explicitly states that they “have thrice disturb’d the quiet of our streets, / And made Verona’s ancient citizens / Cast by their grave beseeming ornaments, / To wield old partisans, in hands as old, / Canker’d with peace, to part your canker’d hate.” This animosity is further fueled by acts of violence, such as Tybalt’s immediate hostility towards Romeo and Benvolio’s attempts to prevent further brawls, escalating into multiple street fights."
baseline,What does Juliet do to fake her death?,0,5,2.123,0.0,0.0,5.874,7.997,"According to the provided excerpts, Juliet plans to fake her death by using a sleeping potion given to her by Friar Lawrence. The Friar fears that Romeo will be banished if he is implicated in Juliet’s death due to their secret marriage to Tybalt. Juliet takes the potion with the hope that it will appear as if she has died, allowing her to escape to Mantua with Romeo. This plan is devised to avoid further conflict and ensure Romeo’s safety after Juliet’s apparent demise."
+rerank,What is the main conflict in Romeo and Juliet?,0,3,2.094,0.279,0.0,5.636,8.009,"Based on the provided excerpts, the main conflict in *Romeo and Juliet* stems from a deeply rooted feud between the Montague and Capulet families. This conflict is vividly illustrated by the street brawl in Act III, where Romeo and Tybalt engage in deadly combat, resulting in Mercutio’s death and Romeo’s subsequent flight. Lady Capulet explicitly demands Romeo’s death due to his kinship with the Montagues, highlighting the deadly consequences of this longstanding animosity. Ultimately, the play centers around the tragic consequences of this family feud and the lovers’ attempts to overcome it."
+rerank,How do Romeo and Juliet die?,0,3,2.092,0.256,0.0,4.869,7.216,"Based on the provided excerpts, Romeo and Juliet’s deaths are indirect consequences of a series of violent events. Tybalt is killed by Romeo in a duel, leading to Romeo’s banishment. Subsequently, Juliet, distraught over Romeo’s banishment and fearing his death, takes her own life. Romeo, upon hearing of Juliet’s death, also tragically ends his life."
+rerank,Who is Mercutio and what happens to him?,0,3,2.1,0.274,0.0,4.928,7.301,"Mercutio is a character who engages in witty banter and boasts about his fighting skills. He repeatedly challenges Tybalt, believing Romeo is capable of handling the situation. During a heated exchange with Tybalt and eventually Romeo, Mercutio is fatally stabbed with a sword. Benvolio urges them to retire due to the rising tensions and the potential for a brawl, highlighting the volatile atmosphere."
+rerank,What is the role of Friar Lawrence in the play?,0,3,2.116,0.256,0.0,5.331,7.703,"Based on the provided excerpts, Friar Lawrence is a Franciscan friar, a member of the same religious order as Friar John. He is a central figure involved in Romeo and Juliet’s marriage, having secretly married them despite the animosity between their families. He is also deeply suspected of involvement in their deaths, stating he is “most suspected” due to the timing and location of events. Furthermore, he is shown to be concerned and fearful about the unfolding tragedy, expressing his apprehension about “ill unlucky things.”"
+rerank,Why do the Montagues and Capulets hate each other?,0,3,2.113,0.267,0.0,5.645,8.025,"According to the text, the Montagues and Capulets’ hatred stems from repeatedly disturbing the peace of Verona’s streets. The Prince explicitly states that this conflict, originating from “an airy word,” has led to “three civil brawls.” Furthermore, Tybalt identifies Romeo as a “villain” and a “foe” due to his presence, fueling Capulet’s desire to avoid any action that would “disparagement” the young Montague. Essentially, the ongoing feud is rooted in a long-standing, disruptive quarrel that the Prince has repeatedly attempted to quell."
+rerank,What does Juliet do to fake her death?,0,3,2.125,0.274,0.0,5.809,8.208,"According to the provided excerpts, Juliet expresses a desire to have someone administer poison to Romeo so he can “sleep in quiet.” She specifically states, “Find thou the means, and I’ll find such a man,” indicating her intention to orchestrate his death through a carefully prepared dose. Furthermore, she laments that she cannot personally “reak the love I bore my cousin upon his body that hath slaughtered him,” highlighting her desperate wish to end his suffering and avenge his death. The Nurse confirms this by recounting seeing the wound on Romeo’s chest, emphasizing the tragic and irreversible nature of his demise."
+neighbors,What is the main conflict in Romeo and Juliet?,0,8,2.1,0.263,0.029,6.664,9.056,"The main conflict in Romeo and Juliet is the longstanding feud between the Montague and Capulet families. This bitter rivalry fuels much of the play’s action, leading to violence and ultimately, the tragic deaths of Romeo and Juliet. The play highlights how this deep-seated hatred prevents Romeo and Juliet from being together, despite their passionate love for each other. Prince Escalus attempts to mediate the conflict, but his efforts are ultimately unsuccessful due to the families’ entrenched animosity."
+neighbors,How do Romeo and Juliet die?,0,9,2.109,0.254,0.003,7.17,9.535,"Romeo and Juliet both die in Verona due to a series of tragic events stemming from the feud between their families. Romeo, upon learning of Juliet’s apparent death, goes to her tomb and consumes poison, believing he cannot live without her. Shortly after, Juliet awakens to find Romeo dead and, in despair, takes her own life with his dagger. The deaths of Romeo and Juliet are a direct result of the escalating conflict and hasty decisions made by the characters involved, highlighting the devastating consequences of their families' hatred."
+neighbors,Who is Mercutio and what happens to him?,0,7,2.1,0.27,0.003,6.61,8.983,"Mercutio is a lively and quick-witted character in Romeo and Juliet, often engaging in playful banter and challenging behavior. He frequently clashes with Tybalt, fueled by his argumentative nature and tendency to provoke fights. During a confrontation with Tybalt and the Prince’s men, Mercutio is fatally stabbed while attempting to intervene in a duel. Following his death, Romeo avenges Mercutio’s death by killing Tybalt, escalating the conflict and ultimately leading to Romeo’s banishment."
+neighbors,What is the role of Friar Lawrence in the play?,0,9,2.125,0.261,0.003,7.39,9.779,"Based on the provided excerpts, Friar Lawrence is a Franciscan friar who plays a central, though ultimately tragic, role in the events of *Romeo and Juliet*. He marries Romeo and Juliet in secret, hoping to end the feud between their families. To this end, he provides Juliet with a sleeping potion to avoid marrying Paris, and attempts to orchestrate Romeo’s arrival to help her escape. However, a series of unfortunate events, including a delayed message and Romeo’s untimely death, lead to a chain of devastating consequences, ultimately contributing to the lovers’ demise."
+neighbors,Why do the Montagues and Capulets hate each other?,0,7,2.087,0.265,0.002,7.366,9.72,"The Montagues and Capulets hate each other due to a long-standing, unnamed “ancient quarrel” that has repeatedly disrupted the peace of Verona. This conflict is evidenced by multiple brawls, including the one described in the excerpt where Benvolio and Sampson fight with Gregory and Tybalt, fueled by a “pernicious rage” and “canker’d hate.” The Prince explicitly states that the families “profaners of this neighbour-stained steel” are responsible for thrice disturbing the streets, demonstrating a deeply ingrained and violent feud. Ultimately, their animosity stems from a cycle of violence and disruption, as highlighted by the Prince’s intervention and threat of punishment."
+neighbors,What does Juliet do to fake her death?,0,7,2.104,0.283,0.003,6.72,9.109,"Based on the provided excerpts, Juliet expresses a desire to have Romeo poisoned if no one else can bring about his death. She contemplates using a poison to ensure Romeo’s demise, stating she would “temper it” if she could find someone to administer it. This desperate thought reveals her profound grief and rage over Tybalt’s death and Romeo’s banishment, coupled with her hatred for Paris. Ultimately, she wishes for Romeo to die rather than marry Paris, highlighting her intense feelings."
+greedy,What is the main conflict in Romeo and Juliet?,0,8,2.099,0.276,0.003,7.399,9.776,"The main conflict in Romeo and Juliet is the longstanding feud between the Montague and Capulet families. This bitter rivalry fuels violence and ultimately drives the tragic events of the play. The story centers around Romeo Montague and Juliet Capulet, whose love is forbidden due to this deep-seated animosity. The conflict escalates through a series of events, including a street brawl resulting in Tybalt’s death and Romeo’s subsequent exile, highlighting the destructive consequences of the families’ hatred."
+greedy,How do Romeo and Juliet die?,0,9,2.1,0.27,0.004,6.969,9.343,"Romeo and Juliet both die tragically due to a series of unfortunate events stemming from the feud between their families. Romeo, believing Juliet to be dead after she takes the sleeping potion, consumes poison at her tomb. Shortly after, Juliet awakens to find Romeo dead and, in despair, stabs herself with a dagger. The deaths of both lovers are a direct consequence of the escalating conflict and the desperate measures taken to reunite them."
+greedy,Who is Mercutio and what happens to him?,0,7,2.104,0.292,0.003,6.814,9.213,"Mercutio is a lively and quick-witted character in Romeo and Juliet, often engaging in playful banter and sparring matches. He frequently clashes with Tybalt, fueled by a tendency to provoke arguments and a love of elaborate language and insults. During a confrontation with Tybalt and the Prince’s men, Mercutio is fatally stabbed while attempting to intervene in a fight between Romeo and Tybalt. His death is a pivotal moment in the play, setting in motion the tragic events that follow."
+greedy,What is the role of Friar Lawrence in the play?,0,9,2.09,0.27,0.003,7.585,9.949,"Based on the provided excerpts, Friar Lawrence is a Franciscan friar who plays a central, though ultimately tragic, role in the unfolding events of *Romeo and Juliet*. He marries Romeo and Juliet in secret, hoping to end the feud between their families. He provides Juliet with a sleeping potion to avoid marrying Paris, and attempts to orchestrate a reunion for Romeo and Juliet after Juliet awakens. However, a series of unfortunate events – including a delayed letter and Romeo’s untimely death – lead to a disastrous chain of consequences, ultimately contributing to the lovers’ demise."
+greedy,Why do the Montagues and Capulets hate each other?,0,7,2.11,0.286,0.002,7.559,9.956,"The Montagues and Capulets hate each other due to a long-standing, unnamed “ancient quarrel” that has repeatedly disrupted the peace of Verona. This conflict is evidenced by multiple instances of violent street brawls, as detailed by the Prince, who blames them for “profaning” the city with “pernicious rage.” Furthermore, the animosity is fueled by personal insults and threats, such as Tybalt’s defiance and Romeo’s subsequent declaration that he “ne’er saw true beauty” until he saw Juliet, escalating the tension. Ultimately, their hatred stems from a cycle of violence and disrespect, as demonstrated by the constant fighting and the Prince’s repeated attempts to restore order."
+greedy,What does Juliet do to fake her death?,0,7,2.095,0.291,0.003,7.112,9.501,"According to the provided excerpts, Juliet expresses a desire to have Romeo poisoned if no one else can bring about his death. She contemplates using a poison to ensure Romeo’s demise, stating she would “temper it” if she could find someone to administer it. This desperate action stems from her grief and anger over Tybalt’s death and Romeo’s banishment, fueled by Lady Capulet’s insistence on seeking vengeance. Ultimately, Juliet’s plan is to use poison to eliminate Romeo, driven by her intense feelings and the circumstances surrounding the tragedy."
wider-neighbors,What is the main conflict in Romeo and Juliet?,0,13,2.08,0.272,0.003,8.11,10.465,"The main conflict in *Romeo and Juliet* is the longstanding and bitter feud between the Montague and Capulet families. This animosity fuels the tragic events of the play, culminating in the deaths of Romeo and Juliet. The lovers’ passionate and immediate connection is directly threatened by this deep-seated hatred, leading to violence and ultimately, their suicides. The play highlights how this senseless conflict destroys individual happiness and causes widespread devastation."
wider-neighbors,How do Romeo and Juliet die?,0,15,2.082,0.267,0.003,8.635,10.987,"Romeo and Juliet die tragically due to a series of unfortunate events orchestrated by miscommunication and escalating conflict. Romeo, believing Juliet to be dead after hearing of her apparent demise from Balthasar, returns to Verona and consumes poison at her tomb. Juliet awakens to find Romeo dead and, unable to bear the thought of living without him, takes her own life with his dagger. Their deaths ultimately result from the longstanding feud between their families, the Friar’s desperate plan, and a chain of misinterpretations that led to their fatal decisions."
wider-neighbors,Who is Mercutio and what happens to him?,0,11,2.108,0.316,0.003,8.309,10.737,"Mercutio is a lively and quick-witted character who frequently engages in playful banter and challenges. He is initially drawn into a confrontation with Tybalt, fueled by a desire to provoke and a disregard for social decorum, stating “I care not.” During the altercation, Tybalt fatally wounds Mercutio with a sword, lamenting “A plague on your house!” before succumbing to his own injuries. Romeo, enraged by Mercutio’s death, then confronts and kills Tybalt, escalating the conflict and leading to his banishment."
wider-neighbors,What is the role of Friar Lawrence in the play?,0,15,2.096,0.292,0.003,8.873,11.264,"Friar Lawrence plays a central, albeit tragically flawed, role in the unfolding events of *Romeo and Juliet*. He is a Franciscan friar who secretly marries Romeo and Juliet, hoping to unite the feuding families through their union. Driven by a desire to end the conflict, he provides Romeo with a sleeping potion to escape to Verona and reunite with Juliet after she appears to die. However, due to a series of unfortunate circumstances – including a delayed letter – his plan goes horribly wrong, leading to the deaths of Romeo and Juliet and ultimately fueling the tragic climax of the play."
wider-neighbors,Why do the Montagues and Capulets hate each other?,0,11,2.109,0.291,0.003,8.71,11.113,"The Montagues and Capulets hate each other due to an ancient, unnamed quarrel that has repeatedly disrupted the peace of Verona. This animosity is evident in the frequent brawls and violent confrontations, as demonstrated by Sampson’s intention to “bite his thumb” at the Capulets and the subsequent physical fights. The feud is fueled by mutual disdain and a willingness to resort to violence, exemplified by Tybalt’s aggressive threats and Romeo’s immediate hostility upon recognizing a Capulet. Ultimately, the Prince recognizes this “pernicious rage” as the root cause of the disturbances, highlighting the deeply ingrained and destructive nature of their conflict."
wider-neighbors,What does Juliet do to fake her death?,0,11,2.105,0.294,0.003,8.145,10.548,"According to the provided excerpts, Juliet expresses a desire to have Romeo poisoned if no other means are available to avenge her cousin’s death. She voices this wish to Lady Capulet, stating that she would temper the poison for Romeo to “sleep in quiet” rather than marry Paris. Juliet’s despair and frustration with the situation are evident in her lamenting the need for such a drastic measure. Ultimately, she expresses a profound hatred for Paris and a desperate longing for Romeo’s death to resolve the conflict."
more-candidates,What is the main conflict in Romeo and Juliet?,0,8,2.098,0.648,0.002,6.962,9.709,"The main conflict in Romeo and Juliet is the longstanding feud between the Montague and Capulet families. This bitter rivalry fuels violence and ultimately drives the tragic events of the play. The story centers around Romeo Montague and Juliet Capulet, whose love is forbidden due to this deep-seated animosity. The conflict escalates through a series of events, including a street brawl resulting in Tybalt’s death and Romeo’s subsequent exile, highlighting the destructive consequences of the families’ hatred."
more-candidates,How do Romeo and Juliet die?,0,9,2.093,0.595,0.003,7.476,10.167,"Both Romeo and Juliet die tragically due to a series of unfortunate events stemming from the feud between their families. Romeo initially kills Tybalt in self-defense, leading to his banishment from Verona. Juliet, desperate to avoid marrying Paris, takes a sleeping potion provided by Friar Lawrence, which causes her apparent death. Romeo, unaware that Juliet is merely asleep, returns to the tomb and, believing her dead, takes poison and dies beside her. Juliet awakens to find Romeo dead and, in despair, stabs herself with his dagger."
more-candidates,Who is Mercutio and what happens to him?,0,7,2.092,0.636,0.003,6.766,9.497,"Mercutio is a lively and quick-witted character in Romeo and Juliet, often engaging in playful banter and sparring matches. He frequently clashes with Tybalt, fueled by a tendency to provoke arguments and a love of elaborate language and insults. During a confrontation with Tybalt and the Prince’s men, Mercutio is fatally stabbed while attempting to intervene in a fight between Romeo and Tybalt. His death is a pivotal moment in the play, setting in motion the tragic events that follow."
more-candidates,What is the role of Friar Lawrence in the play?,0,9,2.093,0.604,0.003,7.433,10.133,"Based on the provided excerpts, Friar Lawrence is a Franciscan friar who plays a central, albeit complicated, role in the unfolding tragedy of Romeo and Juliet. He performs the secret marriage of Romeo and Juliet, hoping to end the feud between the Montagues and Capulets. He provides Juliet with a sleeping potion to avoid marrying Paris, and attempts to orchestrate Romeo’s return to help her escape. However, a series of unfortunate events – including a delayed letter and the deaths of Paris and Romeo – ultimately contribute to the disastrous outcome of the play."
more-candidates,Why do the Montagues and Capulets hate each other?,0,7,2.108,0.58,0.003,7.69,10.381,"The Montagues and Capulets hate each other due to a long-standing, unnamed “ancient quarrel” that has repeatedly disrupted the peace of Verona. This conflict is evidenced by multiple instances of violent street brawls, as detailed by the Prince, who blames them for “profaning” the city with “pernicious rage.” Furthermore, the animosity is fueled by personal insults and threats, such as Tybalt’s defiance and Romeo’s subsequent declaration that he “ne’er saw true beauty” until he saw Juliet, escalating the tension. Ultimately, their hatred stems from a cycle of violence and disrespect, as demonstrated by the constant fighting and the Prince’s repeated attempts to restore order."
more-candidates,What does Juliet do to fake her death?,0,7,2.1,0.64,0.003,6.693,9.436,"According to the provided text, Juliet uses a sleeping potion given to her by the Friar to simulate her death. The Friar instructed her to take the potion with the intention that Romeo would be alerted and come to retrieve her from her tomb once the potion’s effects wore off. However, due to an unfortunate delay with Friar John, Romeo arrives too late and finds Juliet dead. She then commits suicide by taking poison, driven by her despair and hatred for Paris."
more-results,What is the main conflict in Romeo and Juliet?,0,13,2.107,0.269,0.003,8.331,10.71,"The main conflict in *Romeo and Juliet* is the longstanding feud between the Montague and Capulet families. This bitter rivalry fuels the tragic events of the play, culminating in the deaths of Romeo and Juliet. The play highlights how this senseless hatred drives individuals to extreme actions and ultimately destroys the young lovers’ happiness. Prince Escalus attempts to mediate the conflict, but his efforts are ultimately unsuccessful due to the deeply entrenched animosity between the families."
more-results,How do Romeo and Juliet die?,0,14,2.087,0.265,0.003,8.788,11.142,"According to the provided text, Romeo and Juliet both die tragically due to a series of unfortunate events stemming from the escalating feud between their families. Romeo, believing Juliet to be dead after she takes the sleeping potion, poisons himself in her tomb. Shortly after, Juliet awakens to find Romeo dead and, unable to bear the thought of living without him, stabs herself with his dagger. The Friar Lawrence explains that Romeo had purchased poison to end his life, and Juliet’s actions were driven by despair and a desperate desire to join him in death."
more-results,Who is Mercutio and what happens to him?,0,11,2.093,0.293,0.003,8.257,10.646,"Mercutio is a lively and quick-witted character who frequently engages in playful banter and challenges. During a confrontation with Tybalt, a fight erupts, and Mercutio is fatally wounded after being “peppered” by Tybalt’s sword. Despite Romeo’s attempts to intervene, Mercutio succumbs to his injuries, lamenting that his death “begins the woe others must end.” Ultimately, Mercutio dies, expressing his regret and wishing for Romeo to avenge his death."
more-results,What is the role of Friar Lawrence in the play?,0,15,2.102,0.279,0.003,9.217,11.6,"Friar Lawrence plays a central, albeit tragically flawed, role in *Romeo and Juliet*. He is a Franciscan friar who attempts to facilitate the marriage of Romeo and Juliet, hoping to end the feud between the Montagues and Capulets. He provides Romeo with a sleeping potion to escape his arranged marriage to Paris, believing it will allow Romeo to reunite with Juliet. However, due to a series of unfortunate events – including a delayed letter – his plans go disastrously wrong, leading to the deaths of Romeo, Juliet, and Paris. Ultimately, Friar Lawrence’s actions, though well-intentioned, contribute significantly to the play’s tragic outcome."
more-results,Why do the Montagues and Capulets hate each other?,0,11,2.101,0.276,0.003,9.022,11.402,"The Montagues and Capulets hate each other due to a long-standing, unnamed “ancient quarrel” that has repeatedly disrupted the peace of Verona. This animosity is evident in the frequent street brawls and violent confrontations, as demonstrated by the numerous fights detailed in the excerpts, particularly the fight initiated by Sampson and Gregory, and later, the duel between Tybalt and Benvolio. The conflict is fueled by mutual insults and a willingness to resort to violence, exemplified by Sampson’s intention to “bite his thumb” at the Capulets and Tybalt’s defiant behavior. Ultimately, the feud stems from a deep-seated hatred and a lack of restraint, leading to escalating tensions and bloodshed."
more-results,What does Juliet do to fake her death?,0,13,2.113,0.286,0.003,8.508,10.91,"Juliet, consumed by fear and despair over her impending marriage to Paris, seeks a way to avoid it. Driven by a desperate need to prevent the union, she discovers a sleeping potion given to her by Friar Lawrence. She drinks the mixture, simulating death to ensure Romeo will be able to rescue her from the disastrous marriage. This action is motivated by her hatred for Paris and her desire to remain loyal to Romeo, believing it’s the only way to escape the forced marriage."
